Title,Media URL,Pinterest board,Thumbnail,Description,Link,Publish date,Keywords
Turkey Coloring Page for Kids (Free Printable PDF),https://tracelings.com/pins/turkey-coloring-page.jpg,Thanksgiving Activities for Kids,,"A cheerful turkey shows off a big fan of tail feathers, each one wide enough for little hands. Try coloring every feather a different fall shade, then count them together. It's an easy way to sneak counting practice into Thanksgiving week. Free printable Thanksgiving coloring page for kids, toddlers and preschoolers. Download the PDF, print at home or in class. #thanksgivingcoloringpages #thanksgivingactivitiesforkids #freeprintable",https://tracelings.com/coloring-pages/thanksgiving-coloring-pages/turkey-coloring-page/,2026-10-13T14:00:00,
Cute Turkey Coloring Page for Kids (Free Printable PDF),https://tracelings.com/pins/cute-turkey-coloring-page.jpg,Thanksgiving Activities for Kids,,"This chubby little turkey wears a pilgrim hat and hugs an ear of corn. The rounded body makes it a great first holiday page for toddlers. Older kids can add dots to the corn kernels and stripes to the hat band for fine motor practice. Free printable Thanksgiving coloring page for kids, toddlers and preschoolers. Download the PDF, print at home or in class. #thanksgivingcoloringpages #thanksgivingactivitiesforkids #freeprintable",https://tracelings.com/coloring-pages/thanksgiving-coloring-pages/cute-turkey-coloring-page/,2026-10-13T18:00:00,
Pumpkin Pie Coloring Page for Kids (Free Printable PDF),https://tracelings.com/pins/pumpkin-pie-coloring-page.jpg,Thanksgiving Activities for Kids,,"A whole pumpkin pie with a swirl of whipped cream sits ready for the holiday table. Ask your child what other desserts their family makes in November, then draw one on the back. Orange and tan crayons cover the big filling area quickly. Free printable Thanksgiving coloring page for kids, toddlers and preschoolers. Download the PDF, print at home or in class. #thanksgivingcoloringpages #thanksgivingactivitiesforkids #freeprintable",https://tracelings.com/coloring-pages/thanksgiving-coloring-pages/pumpkin-pie-coloring-page/,2026-10-14T00:00:00,
Cornucopia Coloring Page for Kids (Free Printable PDF),https://tracelings.com/pins/cornucopia-coloring-page.jpg,Thanksgiving Activities for Kids,,"This horn of plenty spills out apples, corn, grapes and a little pumpkin. Name each food out loud as your child colors it, and talk about which ones grow on trees and which grow on the ground. A handy page for preschool harvest units. Free printable Thanksgiving coloring page for kids, toddlers and preschoolers. Download the PDF, print at home or in class. #thanksgivingcoloringpages #thanksgivingactivitiesforkids #freeprintable",https://tracelings.com/coloring-pages/thanksgiving-coloring-pages/cornucopia-coloring-page/,2026-10-14T14:00:00,
Happy Thanksgiving Coloring Page for Kids (Free Printable PDF),https://tracelings.com/pins/happy-thanksgiving-coloring-page.jpg,Thanksgiving Activities for Kids,,"Big bubble letters spell out Happy Thanksgiving above a pumpkin and two oak leaves. Kindergartners can trace each letter with a finger before coloring, which builds early writing skills. Finished pages make simple placemats or a welcome sign for the front door. Free printable Thanksgiving coloring page for kids, toddlers and preschoolers. Download the PDF, print at home or in class. #thanksgivingcoloringpages #thanksgivingactivitiesforkids #freeprintable",https://tracelings.com/coloring-pages/thanksgiving-coloring-pages/happy-thanksgiving-coloring-page/,2026-10-14T18:00:00,
Thanksgiving Dinner Coloring Page for Kids (Free Printable PDF),https://tracelings.com/pins/thanksgiving-dinner-coloring-page.jpg,Thanksgiving Activities for Kids,,"A roast turkey, mashed potatoes, corn and pie fill this holiday table. Let your child pick which dish is their favorite and color it first. It's a natural starting point for talking about family traditions and who is coming to dinner this year. Free printable Thanksgiving coloring page for kids, toddlers and preschoolers. Download the PDF, print at home or in class. #thanksgivingcoloringpages #thanksgivingactivitiesforkids #freeprintable",https://tracelings.com/coloring-pages/thanksgiving-coloring-pages/thanksgiving-dinner-coloring-page/,2026-10-15T00:00:00,
Scarecrow Coloring Page for Kids (Free Printable PDF),https://tracelings.com/pins/scarecrow-coloring-page.jpg,Thanksgiving Activities for Kids,,"A friendly scarecrow in patched overalls keeps watch over a small corn field. Each patch is a perfect spot for a different pattern, like stripes, dots or zigzags. Pattern practice like this quietly builds the visual skills kids use later for reading. Free printable Thanksgiving coloring page for kids, toddlers and preschoolers. Download the PDF, print at home or in class. #thanksgivingcoloringpages #thanksgivingactivitiesforkids #freeprintable",https://tracelings.com/coloring-pages/thanksgiving-coloring-pages/scarecrow-coloring-page/,2026-10-15T14:00:00,
Mayflower Ship Coloring Page for Kids (Free Printable PDF),https://tracelings.com/pins/mayflower-ship-coloring-page.jpg,Thanksgiving Activities for Kids,,"A tall sailing ship crosses gentle waves under a few seagulls. Pair it with a short picture book about the 1620 voyage for a homeschool history lesson. Kids can color the sails white with a light gray edge, or invent their own flag colors. Free printable Thanksgiving coloring page for kids, toddlers and preschoolers. Download the PDF, print at home or in class. #thanksgivingcoloringpages #thanksgivingactivitiesforkids #freeprintable",https://tracelings.com/coloring-pages/thanksgiving-coloring-pages/mayflower-ship-coloring-page/,2026-10-15T18:00:00,
8 Free Thanksgiving Coloring Pages for Kids (Printable PDFs),https://tracelings.com/pins/thanksgiving-coloring-pages-set.jpg,Thanksgiving Activities for Kids,,"Free printable Thanksgiving coloring pages for kids: a turkey, pumpkin pie, cornucopia, scarecrow, the Mayflower and a Happy Thanksgiving sign. Bold, simple lines for toddlers, preschool and kindergarten. Print one or all of them for the kids’ table. #thanksgivingcoloringpages #thanksgivingkids #preschoolactivities",https://tracelings.com/coloring-pages/thanksgiving-coloring-pages/,2026-10-16T00:00:00,
Thanksgiving Kids’ Table Coloring Pages (Free Printables),https://tracelings.com/pins/thanksgiving-kids-table-set.jpg,Thanksgiving Activities for Kids,,"Keep little ones happy at the kids’ table with free Thanksgiving coloring pages. Turkeys, Thanksgiving dinner, the Mayflower and more. Print as many as you need. #thanksgivingkidstable #thanksgivingcoloringpages #kidsactivities",https://tracelings.com/coloring-pages/thanksgiving-coloring-pages/,2026-10-16T14:00:00,
Easy Thanksgiving Crafts for Preschoolers That Double as Name Practice,https://tracelings.com/pins/thanksgiving-crafts-preschool.jpg,Thanksgiving Activities for Kids,,"Simple Thanksgiving crafts for preschoolers that sneak in name writing and fine motor practice: turkey feathers, name place cards and more, with free printables to go with them. #thanksgivingcrafts #preschoolcrafts #thanksgivingcraftsforkids",https://tracelings.com/learn/thanksgiving-crafts-for-preschoolers/,2026-10-16T18:00:00,
Thanksgiving Activities for Preschoolers (Free Printables Included),https://tracelings.com/pins/thanksgiving-activities-preschool.jpg,Thanksgiving Activities for Kids,,"Easy Thanksgiving activities for preschoolers at home or in the classroom: counting, coloring, letter T practice and fine motor fun, with free printables. #thanksgivingactivities #preschoolactivities #thanksgivingpreschool",https://tracelings.com/learn/thanksgiving-activities-for-preschoolers/,2026-10-17T00:00:00,
Free Name Tracing Worksheets: Type Any Name (Editable Generator),https://tracelings.com/pins/name-tracing.jpg,Name Tracing Worksheets,,"Make a free name tracing worksheet with your child’s name in seconds. Dotted letters with green starting dots on handwriting lines, three line sizes for preschool and kindergarten. Print a PDF, no sign-up. #nametracing #nametracingworksheets #preschoolprintables",https://tracelings.com/name-tracing/,2026-10-17T14:00:00,
Free Name Coloring Pages: Make One With Any Name,https://tracelings.com/pins/name-coloring.jpg,Coloring Pages for Kids,,"Turn your child’s name into a free coloring page with big bubble letters and stars, hearts or flowers around it. Great for name recognition in preschool. Print a free PDF. #namecoloringpages #namerecognition #preschool",https://tracelings.com/name-coloring-pages/,2026-10-17T18:00:00,
Free Cursive Name Tracing Worksheets (Any Name),https://tracelings.com/pins/cursive-name.jpg,Cursive Practice,,"Make a free cursive name tracing worksheet with any name. Connected cursive letters on guide lines to trace, then write. For kids learning cursive and adults practicing a signature. #cursive #cursivewriting #handwritingpractice",https://tracelings.com/cursive-name-tracing/,2026-10-18T00:00:00,
Free Cursive Alphabet Worksheets A to Z (Printable PDF),https://tracelings.com/pins/cursive-a.jpg,Cursive Practice,,"Free cursive alphabet worksheets for every capital and lowercase letter, A to Z. Trace each letter, then write it. Includes a printable cursive alphabet chart. #cursivealphabet #cursiveworksheets #homeschool",https://tracelings.com/cursive-alphabet/,2026-10-18T14:00:00,
Number Tracing Worksheets 1-20 (Free Printable),https://tracelings.com/pins/number-1-20.jpg,Letter & Number Tracing,,"Free number tracing worksheet with every number from 1 to 20 on one page, with green starting dots. Great for preschool and kindergarten math warm-ups. #numbertracing #kindergartenmath #preschoolprintables",https://tracelings.com/number-tracing/1-20/,2026-10-18T18:00:00,
Free Letter Tracing Worksheets A to Z (Printable PDF),https://tracelings.com/pins/letter-a.jpg,Letter & Number Tracing,,"Free alphabet tracing worksheets for every letter, capital and lowercase, with starting dots and three line sizes. Print one letter or the whole A to Z set. #lettertracing #alphabettracing #preschoolworksheets",https://tracelings.com/letter-tracing/,2026-10-19T00:00:00,
"Kindergarten Sight Words: Free Dolch List, Worksheets and Flash Cards",https://tracelings.com/pins/sight-words-k.jpg,Sight Words,,All 52 Dolch kindergarten sight words with a free tracing worksheet and printable flash cards. Pick the words your child is learning and print. #sightwords #kindergarten #dolchsightwords,https://tracelings.com/sight-words/kindergarten/,2026-10-19T14:00:00,
Free Printable Bubble Letters A to Z + Bubble Letter Generator,https://tracelings.com/pins/bubble-letters.jpg,Coloring Pages for Kids,,"Free printable bubble letters for the whole alphabet, plus a bubble letter generator for any word or name. Big outlines to color, cut out or trace. #bubbleletters #printableletters #kidscrafts",https://tracelings.com/bubble-letters/,2026-10-19T18:00:00,
